IDH1/IDH2,Median Survival Time,95% CI Lower,95% CI Upper
negative,16.633333333333333,7.733333333333333,35.53333333333333
positive,22.4,9.5,41.333333333333336
